{"cameraMode":{"drawMode":0,"name":"Shaded","section":"Shading Mode"},"sceneLighting":false,"audioPlay":false,"sceneViewState":{"showFog":true,"showMaterialUpdate":true,"showSkybox":true,"showFlares":true,"showImageEffects":true,"showParticleSystems":true},"in2DMode":false,"pivot":{"x":34.51857376098633,"y":7.578171253204346,"z":1.2165346145629883},"rotation":{"x":-0.07324733585119248,"y":0.19175605475902558,"z":-0.014352360740303994,"w":-0.9786030650138855},"size":3.075490951538086,"orthographic":false}