{"cameraMode":{"drawMode":0,"name":"Shaded","section":"Shading Mode"},"sceneLighting":false,"audioPlay":false,"sceneViewState":{"showFog":true,"showMaterialUpdate":true,"showSkybox":false,"showFlares":true,"showImageEffects":true,"showParticleSystems":true},"in2DMode":false,"pivot":{"x":31.8799991607666,"y":9.069999694824219,"z":1.090000033378601},"rotation":{"x":-0.09113923460245133,"y":0.34221136569976809,"z":-0.03337138891220093,"w":-0.9345983266830444},"size":1.2152479887008668,"orthographic":false}