{"cameraMode":{"drawMode":0,"name":"Shaded","section":"Shading Mode"},"sceneLighting":false,"audioPlay":false,"sceneViewState":{"showFog":false,"showMaterialUpdate":false,"showSkybox":false,"showFlares":false,"showImageEffects":false,"showParticleSystems":false},"in2DMode":false,"pivot":{"x":-31.292495727539064,"y":-36.23145294189453,"z":-3.888599395751953},"rotation":{"x":-0.006337712053209543,"y":0.992755115032196,"z":-0.10342927277088165,"w":-0.06083167344331741},"size":0.5660275220870972,"orthographic":false}