{"cameraMode":{"drawMode":0,"name":"Shaded","section":"Shading Mode"},"sceneLighting":false,"audioPlay":false,"sceneViewState":{"showFog":true,"showMaterialUpdate":true,"showSkybox":false,"showFlares":true,"showImageEffects":true,"showParticleSystems":true},"in2DMode":false,"pivot":{"x":31.87999725341797,"y":0.0,"z":1.090000033378601},"rotation":{"x":-0.19293563067913056,"y":0.1407465934753418,"z":-0.027975916862487794,"w":-0.9706626534461975},"size":0.8177393674850464,"orthographic":false}