{"cameraMode":{"drawMode":0,"name":"Shaded","section":"Shading Mode"},"sceneLighting":false,"audioPlay":false,"sceneViewState":{"showFog":true,"showMaterialUpdate":true,"showSkybox":true,"showFlares":true,"showImageEffects":true,"showParticleSystems":true},"in2DMode":false,"pivot":{"x":34.752349853515628,"y":4.661698341369629,"z":3.1329269409179689},"rotation":{"x":-0.1345832198858261,"y":0.24116775393486024,"z":-0.033791497349739078,"w":-0.9605135917663574},"size":12.815544128417969,"orthographic":false}