{"cameraMode":{"drawMode":0,"name":"Shaded","section":"Shading Mode"},"sceneLighting":false,"audioPlay":false,"sceneViewState":{"showFog":true,"showMaterialUpdate":true,"showSkybox":false,"showFlares":true,"showImageEffects":true,"showParticleSystems":true},"in2DMode":false,"pivot":{"x":-2.4700002670288088,"y":2.5,"z":-2.384185791015625e-7},"rotation":{"x":-0.039307184517383578,"y":0.3851054906845093,"z":-0.01641644537448883,"w":-0.9218981266021729},"size":3.5355405807495119,"orthographic":false}