{"cameraMode":{"drawMode":0,"name":"Shaded","section":"Shading Mode"},"sceneLighting":false,"audioPlay":false,"sceneViewState":{"showFog":true,"showMaterialUpdate":false,"showSkybox":false,"showFlares":true,"showImageEffects":true,"showParticleSystems":true},"in2DMode":false,"pivot":{"x":-0.10083421319723129,"y":-0.0077409581281244759,"z":0.10746454447507858},"rotation":{"x":0.1843079775571823,"y":-0.33911439776420596,"z":0.06792489439249039,"w":0.9200421571731567},"size":10.0,"orthographic":false}