{"cameraMode":{"drawMode":0,"name":"Shaded","section":"Shading Mode"},"sceneLighting":false,"audioPlay":false,"sceneViewState":{"showFog":true,"showMaterialUpdate":true,"showSkybox":true,"showFlares":true,"showImageEffects":true,"showParticleSystems":true},"in2DMode":false,"pivot":{"x":-18.8121337890625,"y":-22.006006240844728,"z":72.7962875366211},"rotation":{"x":-0.11873707920312882,"y":0.2980504035949707,"z":-0.03739362955093384,"w":-0.9464025497436523},"size":0.5032454133033752,"orthographic":false}