{"cameraMode":{"drawMode":0,"name":"Shaded","section":"Shading Mode"},"sceneLighting":false,"audioPlay":false,"sceneViewState":{"showFog":true,"showMaterialUpdate":true,"showSkybox":true,"showFlares":true,"showImageEffects":true,"showParticleSystems":true},"in2DMode":false,"pivot":{"x":-66.21075439453125,"y":-18.028270721435548,"z":63.11430358886719},"rotation":{"x":-0.3137073218822479,"y":0.29299643635749819,"z":-0.10242859274148941,"w":-0.897357165813446},"size":1.9111852645874024,"orthographic":false}